{
    "name": "root",
    "gauges": {
        "PredatorBehaviour.Policy.Entropy.mean": {
            "value": 0.1728792041540146,
            "min": 0.1728792041540146,
            "max": 0.20034413039684296,
            "count": 15
        },
        "PredatorBehaviour.Policy.Entropy.sum": {
            "value": 8570.486328125,
            "min": 2880.73876953125,
            "max": 9852.33984375,
            "count": 15
        },
        "PredatorBehaviour.Step.mean": {
            "value": 8699989.0,
            "min": 7999990.0,
            "max": 8699989.0,
            "count": 15
        },
        "PredatorBehaviour.Step.sum": {
            "value": 8699989.0,
            "min": 7999990.0,
            "max": 8699989.0,
            "count": 15
        },
        "PredatorBehaviour.Policy.ExtrinsicValueEstimate.mean": {
            "value": -1.6110551357269287,
            "min": -1.6110551357269287,
            "max": -1.4986928701400757,
            "count": 15
        },
        "PredatorBehaviour.Policy.ExtrinsicValueEstimate.sum": {
            "value": -1403.22900390625,
            "min": -1403.22900390625,
            "max": -259.58868408203125,
            "count": 15
        },
        "PredatorBehaviour.Environment.EpisodeLength.mean": {
            "value": 355.0416666666667,
            "min": 185.0,
            "max": 364.85714285714283,
            "count": 15
        },
        "PredatorBehaviour.Environment.EpisodeLength.sum": {
            "value": 51126.0,
            "min": 1110.0,
            "max": 55800.0,
            "count": 15
        },
        "PredatorBehaviour.Environment.CumulativeReward.mean": {
            "value": -7.413298001512885,
            "min": -7.610713658943062,
            "max": -2.6299995283285775,
            "count": 15
        },
        "PredatorBehaviour.Environment.CumulativeReward.sum": {
            "value": -1067.5149122178555,
            "min": -1154.8149037212133,
            "max": -15.779997169971466,
            "count": 15
        },
        "PredatorBehaviour.Policy.ExtrinsicReward.mean": {
            "value": -7.413298001512885,
            "min": -7.610713658943062,
            "max": -2.6299995283285775,
            "count": 15
        },
        "PredatorBehaviour.Policy.ExtrinsicReward.sum": {
            "value": -1067.5149122178555,
            "min": -1154.8149037212133,
            "max": -15.779997169971466,
            "count": 15
        },
        "PredatorBehaviour.IsTraining.mean": {
            "value": 1.0,
            "min": 1.0,
            "max": 1.0,
            "count": 15
        },
        "PredatorBehaviour.IsTraining.sum": {
            "value": 1.0,
            "min": 1.0,
            "max": 1.0,
            "count": 15
        },
        "PreyBehaviour.Policy.Entropy.mean": {
            "value": 0.9366583228111267,
            "min": 0.8626295328140259,
            "max": 0.9732096791267395,
            "count": 10
        },
        "PreyBehaviour.Policy.Entropy.sum": {
            "value": 46757.984375,
            "min": 18773.146484375,
            "max": 48770.45703125,
            "count": 10
        },
        "PreyBehaviour.Environment.EpisodeLength.mean": {
            "value": 249.5897435897436,
            "min": 177.53623188405797,
            "max": 249.5897435897436,
            "count": 10
        },
        "PreyBehaviour.Environment.EpisodeLength.sum": {
            "value": 48670.0,
            "min": 12250.0,
            "max": 51007.0,
            "count": 10
        },
        "PreyBehaviour.Step.mean": {
            "value": 5649966.0,
            "min": 5199949.0,
            "max": 5649966.0,
            "count": 10
        },
        "PreyBehaviour.Step.sum": {
            "value": 5649966.0,
            "min": 5199949.0,
            "max": 5649966.0,
            "count": 10
        },
        "PreyBehaviour.Policy.ExtrinsicValueEstimate.mean": {
            "value": 2.636835813522339,
            "min": 2.3882088661193848,
            "max": 2.636835813522339,
            "count": 10
        },
        "PreyBehaviour.Policy.ExtrinsicValueEstimate.sum": {
            "value": 2354.6943359375,
            "min": 815.785888671875,
            "max": 2354.6943359375,
            "count": 10
        },
        "PreyBehaviour.Environment.CumulativeReward.mean": {
            "value": 10.997896638589028,
            "min": 6.908984877061153,
            "max": 10.997896638589028,
            "count": 10
        },
        "PreyBehaviour.Environment.CumulativeReward.sum": {
            "value": 2144.5898445248604,
            "min": 476.71995651721954,
            "max": 2222.149835050106,
            "count": 10
        },
        "PreyBehaviour.Policy.ExtrinsicReward.mean": {
            "value": 10.997896638589028,
            "min": 6.908984877061153,
            "max": 10.997896638589028,
            "count": 10
        },
        "PreyBehaviour.Policy.ExtrinsicReward.sum": {
            "value": 2144.5898445248604,
            "min": 476.71995651721954,
            "max": 2222.149835050106,
            "count": 10
        },
        "PreyBehaviour.Losses.PolicyLoss.mean": {
            "value": 0.026617683731019498,
            "min": 0.020636532874777912,
            "max": 0.026617683731019498,
            "count": 10
        },
        "PreyBehaviour.Losses.PolicyLoss.sum": {
            "value": 0.1330884186550975,
            "min": 0.026039179358066933,
            "max": 0.1330884186550975,
            "count": 10
        },
        "PreyBehaviour.Losses.ValueLoss.mean": {
            "value": 0.28863812059164046,
            "min": 0.26190816949714313,
            "max": 0.34124585241079336,
            "count": 10
        },
        "PreyBehaviour.Losses.ValueLoss.sum": {
            "value": 1.4431906029582022,
            "min": 0.26190816949714313,
            "max": 1.7062292620539667,
            "count": 10
        },
        "PreyBehaviour.Policy.LearningRate.mean": {
            "value": 0.000131229812256748,
            "min": 0.000131229812256748,
            "max": 0.00014420951193017998,
            "count": 10
        },
        "PreyBehaviour.Policy.LearningRate.sum": {
            "value": 0.00065614906128374,
            "min": 0.00014420951193017998,
            "max": 0.0007163915912028901,
            "count": 10
        },
        "PreyBehaviour.Policy.Epsilon.mean": {
            "value": 0.143743252,
            "min": 0.143743252,
            "max": 0.14806982000000002,
            "count": 10
        },
        "PreyBehaviour.Policy.Epsilon.sum": {
            "value": 0.71871626,
            "min": 0.14806982000000002,
            "max": 0.7387971099999999,
            "count": 10
        },
        "PreyBehaviour.Policy.Beta.mean": {
            "value": 0.0021927882748,
            "min": 0.0021927882748,
            "max": 0.0024086840180000003,
            "count": 10
        },
        "PreyBehaviour.Policy.Beta.sum": {
            "value": 0.010963941373999999,
            "min": 0.0024086840180000003,
            "max": 0.011965975789000001,
            "count": 10
        },
        "PreyBehaviour.IsTraining.mean": {
            "value": 1.0,
            "min": 1.0,
            "max": 1.0,
            "count": 10
        },
        "PreyBehaviour.IsTraining.sum": {
            "value": 1.0,
            "min": 1.0,
            "max": 1.0,
            "count": 10
        },
        "PredatorBehaviour.Losses.PolicyLoss.mean": {
            "value": 0.024736242288102707,
            "min": 0.02088613664964214,
            "max": 0.02529948039290806,
            "count": 14
        },
        "PredatorBehaviour.Losses.PolicyLoss.sum": {
            "value": 0.12368121144051353,
            "min": 0.08354454659856855,
            "max": 0.1264974019645403,
            "count": 14
        },
        "PredatorBehaviour.Losses.ValueLoss.mean": {
            "value": 0.11270411655306815,